bmi_stratum,analysis,strategy,metric,estimate_95CI,analysis_label
missing,cohort,,Participants / events,"1,409 / 298 (21.1% event rate)",post-U0 missingness transport sensitivity
observed,cohort,,Participants / events,"5,768 / 1,100 (19.1% event rate)",post-U0 missingness transport sensitivity
missing,performance,LM5 common-18,auroc,0.735 (0.703 to 0.767),post-U0 frozen-probability sensitivity; raw BMI availability
missing,performance,LM5 common-18,auprc,0.431 (0.378 to 0.492),post-U0 frozen-probability sensitivity; raw BMI availability
missing,performance,LM5 common-18,brier,0.152 (0.139 to 0.166),post-U0 frozen-probability sensitivity; raw BMI availability
missing,performance,LM5 common-18,calibration_slope,1.069 (0.909 to 1.251),post-U0 frozen-probability sensitivity; raw BMI availability
missing,performance,LM5 common-18,calibration_in_the_large,0.482 (0.350 to 0.619),post-U0 frozen-probability sensitivity; raw BMI availability
missing,performance,LM5 common-18,observed_expected_ratio,1.424 (1.297 to 1.567),post-U0 frozen-probability sensitivity; raw BMI availability
missing,performance,Early mean MAP model,auroc,0.711 (0.677 to 0.743),post-U0 frozen-probability sensitivity; raw BMI availability
missing,performance,Early mean MAP model,auprc,0.378 (0.330 to 0.434),post-U0 frozen-probability sensitivity; raw BMI availability
missing,performance,Early mean MAP model,brier,0.153 (0.142 to 0.166),post-U0 frozen-probability sensitivity; raw BMI availability
missing,performance,Early mean MAP model,calibration_slope,1.018 (0.794 to 1.276),post-U0 frozen-probability sensitivity; raw BMI availability
missing,performance,Early mean MAP model,calibration_in_the_large,0.235 (0.105 to 0.368),post-U0 frozen-probability sensitivity; raw BMI availability
missing,performance,Early mean MAP model,observed_expected_ratio,1.192 (1.082 to 1.311),post-U0 frozen-probability sensitivity; raw BMI availability
missing,threshold_utility,LM5 common-18,Net benefit,0.098 (0.079 to 0.118),post-U0 frozen-probability sensitivity; raw BMI availability
missing,threshold_utility,LM5 common-18,Alert rate,0.320 (0.295 to 0.346),post-U0 frozen-probability sensitivity; raw BMI availability
missing,threshold_utility,LM5 common-18,Sensitivity,0.621 (0.567 to 0.678),post-U0 frozen-probability sensitivity; raw BMI availability
missing,threshold_utility,LM5 common-18,PPV,0.410 (0.365 to 0.458),post-U0 frozen-probability sensitivity; raw BMI availability
missing,threshold_utility,Early mean MAP model,Net benefit,0.097 (0.075 to 0.119),post-U0 frozen-probability sensitivity; raw BMI availability
missing,threshold_utility,Early mean MAP model,Alert rate,0.581 (0.556 to 0.608),post-U0 frozen-probability sensitivity; raw BMI availability
missing,threshold_utility,Early mean MAP model,Sensitivity,0.802 (0.756 to 0.847),post-U0 frozen-probability sensitivity; raw BMI availability
missing,threshold_utility,Early mean MAP model,PPV,0.292 (0.260 to 0.324),post-U0 frozen-probability sensitivity; raw BMI availability
missing,threshold_utility,Landmark MAP <65 rule,Net benefit,0.090 (0.073 to 0.109),post-U0 frozen-probability sensitivity; raw BMI availability
missing,threshold_utility,Landmark MAP <65 rule,Alert rate,0.292 (0.268 to 0.317),post-U0 frozen-probability sensitivity; raw BMI availability
missing,threshold_utility,Landmark MAP <65 rule,Sensitivity,0.570 (0.515 to 0.630),post-U0 frozen-probability sensitivity; raw BMI availability
missing,threshold_utility,Landmark MAP <65 rule,PPV,0.414 (0.367 to 0.464),post-U0 frozen-probability sensitivity; raw BMI availability
observed,performance,LM5 common-18,auroc,0.710 (0.693 to 0.727),post-U0 frozen-probability sensitivity; raw BMI availability
observed,performance,LM5 common-18,auprc,0.385 (0.358 to 0.416),post-U0 frozen-probability sensitivity; raw BMI availability
observed,performance,LM5 common-18,brier,0.140 (0.133 to 0.146),post-U0 frozen-probability sensitivity; raw BMI availability
observed,performance,LM5 common-18,calibration_slope,0.872 (0.795 to 0.952),post-U0 frozen-probability sensitivity; raw BMI availability
observed,performance,LM5 common-18,calibration_in_the_large,0.157 (0.085 to 0.229),post-U0 frozen-probability sensitivity; raw BMI availability
observed,performance,LM5 common-18,observed_expected_ratio,1.119 (1.064 to 1.178),post-U0 frozen-probability sensitivity; raw BMI availability
observed,performance,Early mean MAP model,auroc,0.704 (0.687 to 0.721),post-U0 frozen-probability sensitivity; raw BMI availability
observed,performance,Early mean MAP model,auprc,0.348 (0.323 to 0.377),post-U0 frozen-probability sensitivity; raw BMI availability
observed,performance,Early mean MAP model,brier,0.142 (0.136 to 0.148),post-U0 frozen-probability sensitivity; raw BMI availability
observed,performance,Early mean MAP model,calibration_slope,0.915 (0.790 to 1.052),post-U0 frozen-probability sensitivity; raw BMI availability
observed,performance,Early mean MAP model,calibration_in_the_large,0.022 (-0.045 to 0.090),post-U0 frozen-probability sensitivity; raw BMI availability
observed,performance,Early mean MAP model,observed_expected_ratio,1.016 (0.966 to 1.070),post-U0 frozen-probability sensitivity; raw BMI availability
observed,threshold_utility,LM5 common-18,Net benefit,0.074 (0.066 to 0.084),post-U0 frozen-probability sensitivity; raw BMI availability
observed,threshold_utility,LM5 common-18,Alert rate,0.392 (0.379 to 0.405),post-U0 frozen-probability sensitivity; raw BMI availability
observed,threshold_utility,LM5 common-18,Sensitivity,0.640 (0.612 to 0.670),post-U0 frozen-probability sensitivity; raw BMI availability
observed,threshold_utility,LM5 common-18,PPV,0.312 (0.293 to 0.331),post-U0 frozen-probability sensitivity; raw BMI availability
observed,threshold_utility,Early mean MAP model,Net benefit,0.076 (0.066 to 0.088),post-U0 frozen-probability sensitivity; raw BMI availability
observed,threshold_utility,Early mean MAP model,Alert rate,0.620 (0.607 to 0.633),post-U0 frozen-probability sensitivity; raw BMI availability
observed,threshold_utility,Early mean MAP model,Sensitivity,0.828 (0.806 to 0.850),post-U0 frozen-probability sensitivity; raw BMI availability
observed,threshold_utility,Early mean MAP model,PPV,0.255 (0.241 to 0.270),post-U0 frozen-probability sensitivity; raw BMI availability
observed,threshold_utility,Landmark MAP <65 rule,Net benefit,0.071 (0.063 to 0.080),post-U0 frozen-probability sensitivity; raw BMI availability
observed,threshold_utility,Landmark MAP <65 rule,Alert rate,0.322 (0.309 to 0.334),post-U0 frozen-probability sensitivity; raw BMI availability
observed,threshold_utility,Landmark MAP <65 rule,Sensitivity,0.569 (0.540 to 0.599),post-U0 frozen-probability sensitivity; raw BMI availability
observed,threshold_utility,Landmark MAP <65 rule,PPV,0.337 (0.316 to 0.360),post-U0 frozen-probability sensitivity; raw BMI availability
